id,kode_provinsi,nama_provinsi,kode_kabupaten_kota,nama_kabupaten_kota,sektor_wisata,jumlah_pendapatan,satuan,tahun
1,32,JAWA BARAT,3201,KABUPATEN BOGOR,HOTEL,0,RUPIAH,2014
2,32,JAWA BARAT,3201,KABUPATEN BOGOR,RESTORAN/RUMAH MAKAN,27946638075,RUPIAH,2014
3,32,JAWA BARAT,3201,KABUPATEN BOGOR,HIBURAN,7077430815,RUPIAH,2014
4,32,JAWA BARAT,3201,KABUPATEN BOGOR,RETRIBUSI,485255100,RUPIAH,2014
5,32,JAWA BARAT,3202,KABUPATEN SUKABUMI,HOTEL,0,RUPIAH,2014
6,32,JAWA BARAT,3202,KABUPATEN SUKABUMI,RESTORAN/RUMAH MAKAN,0,RUPIAH,2014
7,32,JAWA BARAT,3202,KABUPATEN SUKABUMI,HIBURAN,0,RUPIAH,2014
8,32,JAWA BARAT,3202,KABUPATEN SUKABUMI,RETRIBUSI,1108916000,RUPIAH,2014
9,32,JAWA BARAT,3203,KABUPATEN CIANJUR,HOTEL,4337767572,RUPIAH,2014
10,32,JAWA BARAT,3203,KABUPATEN CIANJUR,RESTORAN/RUMAH MAKAN,2490761962,RUPIAH,2014
11,32,JAWA BARAT,3203,KABUPATEN CIANJUR,HIBURAN,710547080,RUPIAH,2014
12,32,JAWA BARAT,3203,KABUPATEN CIANJUR,RETRIBUSI,1665761000,RUPIAH,2014
13,32,JAWA BARAT,3204,KABUPATEN BANDUNG,HOTEL,2311227053,RUPIAH,2014
14,32,JAWA BARAT,3204,KABUPATEN BANDUNG,RESTORAN/RUMAH MAKAN,6894597594,RUPIAH,2014
15,32,JAWA BARAT,3204,KABUPATEN BANDUNG,HIBURAN,706313905,RUPIAH,2014
16,32,JAWA BARAT,3204,KABUPATEN BANDUNG,RETRIBUSI,0,RUPIAH,2014
17,32,JAWA BARAT,3205,KABUPATEN GARUT,HOTEL,1446990400,RUPIAH,2014
18,32,JAWA BARAT,3205,KABUPATEN GARUT,RESTORAN/RUMAH MAKAN,0,RUPIAH,2014
19,32,JAWA BARAT,3205,KABUPATEN GARUT,HIBURAN,0,RUPIAH,2014
20,32,JAWA BARAT,3205,KABUPATEN GARUT,RETRIBUSI,331986000,RUPIAH,2014
21,32,JAWA BARAT,3206,KABUPATEN TASIKMALAYA,HOTEL,25824000,RUPIAH,2014
22,32,JAWA BARAT,3206,KABUPATEN TASIKMALAYA,RESTORAN/RUMAH MAKAN,175161225,RUPIAH,2014
23,32,JAWA BARAT,3206,KABUPATEN TASIKMALAYA,HIBURAN,7084585,RUPIAH,2014
24,32,JAWA BARAT,3206,KABUPATEN TASIKMALAYA,RETRIBUSI,137189000,RUPIAH,2014
25,32,JAWA BARAT,3207,KABUPATEN CIAMIS,HOTEL,1660176980,RUPIAH,2014
26,32,JAWA BARAT,3207,KABUPATEN CIAMIS,RESTORAN/RUMAH MAKAN,1355072308,RUPIAH,2014
27,32,JAWA BARAT,3207,KABUPATEN CIAMIS,HIBURAN,257274631,RUPIAH,2014
28,32,JAWA BARAT,3207,KABUPATEN CIAMIS,RETRIBUSI,3949194450,RUPIAH,2014
29,32,JAWA BARAT,3208,KABUPATEN KUNINGAN,HOTEL,2279517632,RUPIAH,2014
30,32,JAWA BARAT,3208,KABUPATEN KUNINGAN,RESTORAN/RUMAH MAKAN,2379321635,RUPIAH,2014
31,32,JAWA BARAT,3208,KABUPATEN KUNINGAN,HIBURAN,501129332,RUPIAH,2014
32,32,JAWA BARAT,3208,KABUPATEN KUNINGAN,RETRIBUSI,420533450,RUPIAH,2014
33,32,JAWA BARAT,3209,KABUPATEN CIREBON,HOTEL,826000000,RUPIAH,2014
34,32,JAWA BARAT,3209,KABUPATEN CIREBON,RESTORAN/RUMAH MAKAN,497740000,RUPIAH,2014
35,32,JAWA BARAT,3209,KABUPATEN CIREBON,HIBURAN,410000000,RUPIAH,2014
36,32,JAWA BARAT,3209,KABUPATEN CIREBON,RETRIBUSI,108054600,RUPIAH,2014
37,32,JAWA BARAT,3210,KABUPATEN MAJALENGKA,HOTEL,100352144,RUPIAH,2014
38,32,JAWA BARAT,3210,KABUPATEN MAJALENGKA,RESTORAN/RUMAH MAKAN,1493965369,RUPIAH,2014
39,32,JAWA BARAT,3210,KABUPATEN MAJALENGKA,HIBURAN,74616250,RUPIAH,2014
40,32,JAWA BARAT,3210,KABUPATEN MAJALENGKA,RETRIBUSI,73254756,RUPIAH,2014
41,32,JAWA BARAT,3211,KABUPATEN SUMEDANG,HOTEL,612012978,RUPIAH,2014
42,32,JAWA BARAT,3211,KABUPATEN SUMEDANG,RESTORAN/RUMAH MAKAN,2035742445,RUPIAH,2014
43,32,JAWA BARAT,3211,KABUPATEN SUMEDANG,HIBURAN,392621025,RUPIAH,2014
44,32,JAWA BARAT,3211,KABUPATEN SUMEDANG,RETRIBUSI,77915000,RUPIAH,2014
45,32,JAWA BARAT,3212,KABUPATEN INDRAMAYU,HOTEL,146587500,RUPIAH,2014
46,32,JAWA BARAT,3212,KABUPATEN INDRAMAYU,RESTORAN/RUMAH MAKAN,779958600,RUPIAH,2014
47,32,JAWA BARAT,3212,KABUPATEN INDRAMAYU,HIBURAN,70555000,RUPIAH,2014
48,32,JAWA BARAT,3212,KABUPATEN INDRAMAYU,RETRIBUSI,116384150,RUPIAH,2014
49,32,JAWA BARAT,3213,KABUPATEN SUBANG,HOTEL,2007490863,RUPIAH,2014
50,32,JAWA BARAT,3213,KABUPATEN SUBANG,RESTORAN/RUMAH MAKAN,2238945089,RUPIAH,2014
51,32,JAWA BARAT,3213,KABUPATEN SUBANG,HIBURAN,5223862322,RUPIAH,2014
52,32,JAWA BARAT,3213,KABUPATEN SUBANG,RETRIBUSI,1610721739,RUPIAH,2014
53,32,JAWA BARAT,3214,KABUPATEN PURWAKARTA,HOTEL,1696998259,RUPIAH,2014
54,32,JAWA BARAT,3214,KABUPATEN PURWAKARTA,RESTORAN/RUMAH MAKAN,2594692337,RUPIAH,2014
55,32,JAWA BARAT,3214,KABUPATEN PURWAKARTA,HIBURAN,268128183,RUPIAH,2014
56,32,JAWA BARAT,3214,KABUPATEN PURWAKARTA,RETRIBUSI,2984700,RUPIAH,2014
57,32,JAWA BARAT,3215,KABUPATEN KARAWANG,HOTEL,0,RUPIAH,2014
58,32,JAWA BARAT,3215,KABUPATEN KARAWANG,RESTORAN/RUMAH MAKAN,0,RUPIAH,2014
59,32,JAWA BARAT,3215,KABUPATEN KARAWANG,HIBURAN,0,RUPIAH,2014
60,32,JAWA BARAT,3215,KABUPATEN KARAWANG,RETRIBUSI,0,RUPIAH,2014
61,32,JAWA BARAT,3216,KABUPATEN BEKASI,HOTEL,732564174,RUPIAH,2014
62,32,JAWA BARAT,3216,KABUPATEN BEKASI,RESTORAN/RUMAH MAKAN,343945054,RUPIAH,2014
63,32,JAWA BARAT,3216,KABUPATEN BEKASI,HIBURAN,0,RUPIAH,2014
64,32,JAWA BARAT,3216,KABUPATEN BEKASI,RETRIBUSI,0,RUPIAH,2014
65,32,JAWA BARAT,3217,KABUPATEN BANDUNG BARAT,HOTEL,12172543668,RUPIAH,2014
66,32,JAWA BARAT,3217,KABUPATEN BANDUNG BARAT,RESTORAN/RUMAH MAKAN,9686084099,RUPIAH,2014
67,32,JAWA BARAT,3217,KABUPATEN BANDUNG BARAT,HIBURAN,1329365744,RUPIAH,2014
68,32,JAWA BARAT,3217,KABUPATEN BANDUNG BARAT,RETRIBUSI,93146000,RUPIAH,2014
69,32,JAWA BARAT,3271,KOTA BOGOR,HOTEL,27528683203,RUPIAH,2014
70,32,JAWA BARAT,3271,KOTA BOGOR,RESTORAN/RUMAH MAKAN,39510789644,RUPIAH,2014
71,32,JAWA BARAT,3271,KOTA BOGOR,HIBURAN,13707405648,RUPIAH,2014
72,32,JAWA BARAT,3271,KOTA BOGOR,RETRIBUSI,0,RUPIAH,2014
73,32,JAWA BARAT,3272,KOTA SUKABUMI,HOTEL,585125122,RUPIAH,2014
74,32,JAWA BARAT,3272,KOTA SUKABUMI,RESTORAN/RUMAH MAKAN,2771548000,RUPIAH,2014
75,32,JAWA BARAT,3272,KOTA SUKABUMI,HIBURAN,510334000,RUPIAH,2014
76,32,JAWA BARAT,3272,KOTA SUKABUMI,RETRIBUSI,77470000,RUPIAH,2014
77,32,JAWA BARAT,3273,KOTA BANDUNG,HOTEL,72300805686,RUPIAH,2014
78,32,JAWA BARAT,3273,KOTA BANDUNG,RESTORAN/RUMAH MAKAN,66601904599,RUPIAH,2014
79,32,JAWA BARAT,3273,KOTA BANDUNG,HIBURAN,22540126656,RUPIAH,2014
80,32,JAWA BARAT,3273,KOTA BANDUNG,RETRIBUSI,1400000000,RUPIAH,2014
81,32,JAWA BARAT,3274,KOTA CIREBON,HOTEL,2136290890,RUPIAH,2014
82,32,JAWA BARAT,3274,KOTA CIREBON,RESTORAN/RUMAH MAKAN,2948706101,RUPIAH,2014
83,32,JAWA BARAT,3274,KOTA CIREBON,HIBURAN,1031185094,RUPIAH,2014
84,32,JAWA BARAT,3274,KOTA CIREBON,RETRIBUSI,22500000,RUPIAH,2014
85,32,JAWA BARAT,3275,KOTA BEKASI,HOTEL,2964590904,RUPIAH,2014
86,32,JAWA BARAT,3275,KOTA BEKASI,RESTORAN/RUMAH MAKAN,10267419208,RUPIAH,2014
87,32,JAWA BARAT,3275,KOTA BEKASI,HIBURAN,3402206244,RUPIAH,2014
88,32,JAWA BARAT,3275,KOTA BEKASI,RETRIBUSI,55250000,RUPIAH,2014
89,32,JAWA BARAT,3276,KOTA DEPOK,HOTEL,1658480431,RUPIAH,2014
90,32,JAWA BARAT,3276,KOTA DEPOK,RESTORAN/RUMAH MAKAN,18746255011,RUPIAH,2014
91,32,JAWA BARAT,3276,KOTA DEPOK,HIBURAN,2464074076,RUPIAH,2014
92,32,JAWA BARAT,3276,KOTA DEPOK,RETRIBUSI,83125111,RUPIAH,2014
93,32,JAWA BARAT,3277,KOTA CIMAHI,HOTEL,49850000,RUPIAH,2014
94,32,JAWA BARAT,3277,KOTA CIMAHI,RESTORAN/RUMAH MAKAN,2314031334,RUPIAH,2014
95,32,JAWA BARAT,3277,KOTA CIMAHI,HIBURAN,68801500,RUPIAH,2014
96,32,JAWA BARAT,3277,KOTA CIMAHI,RETRIBUSI,35052000,RUPIAH,2014
97,32,JAWA BARAT,3278,KOTA TASIKMALAYA,HOTEL,212246553,RUPIAH,2014
98,32,JAWA BARAT,3278,KOTA TASIKMALAYA,RESTORAN/RUMAH MAKAN,396043510,RUPIAH,2014
99,32,JAWA BARAT,3278,KOTA TASIKMALAYA,HIBURAN,14168376,RUPIAH,2014
100,32,JAWA BARAT,3278,KOTA TASIKMALAYA,RETRIBUSI,12537000,RUPIAH,2014
101,32,JAWA BARAT,3279,KOTA BANJAR,HOTEL,356512600,RUPIAH,2014
102,32,JAWA BARAT,3279,KOTA BANJAR,RESTORAN/RUMAH MAKAN,2033850186,RUPIAH,2014
103,32,JAWA BARAT,3279,KOTA BANJAR,HIBURAN,55336752,RUPIAH,2014
104,32,JAWA BARAT,3279,KOTA BANJAR,RETRIBUSI,993961250,RUPIAH,2014
105,32,JAWA BARAT,3201,KABUPATEN BOGOR,HOTEL,0,RUPIAH,2015
106,32,JAWA BARAT,3201,KABUPATEN BOGOR,RESTORAN/RUMAH MAKAN,27946638075,RUPIAH,2015
107,32,JAWA BARAT,3201,KABUPATEN BOGOR,HIBURAN,7077430815,RUPIAH,2015
108,32,JAWA BARAT,3201,KABUPATEN BOGOR,RETRIBUSI,485255100,RUPIAH,2015
109,32,JAWA BARAT,3202,KABUPATEN SUKABUMI,HOTEL,0,RUPIAH,2015
110,32,JAWA BARAT,3202,KABUPATEN SUKABUMI,RESTORAN/RUMAH MAKAN,0,RUPIAH,2015
111,32,JAWA BARAT,3202,KABUPATEN SUKABUMI,HIBURAN,0,RUPIAH,2015
112,32,JAWA BARAT,3202,KABUPATEN SUKABUMI,RETRIBUSI,1108916000,RUPIAH,2015
113,32,JAWA BARAT,3203,KABUPATEN CIANJUR,HOTEL,4337767572,RUPIAH,2015
114,32,JAWA BARAT,3203,KABUPATEN CIANJUR,RESTORAN/RUMAH MAKAN,2490761962,RUPIAH,2015
115,32,JAWA BARAT,3203,KABUPATEN CIANJUR,HIBURAN,710547080,RUPIAH,2015
116,32,JAWA BARAT,3203,KABUPATEN CIANJUR,RETRIBUSI,1665761000,RUPIAH,2015
117,32,JAWA BARAT,3204,KABUPATEN BANDUNG,HOTEL,2311227053,RUPIAH,2015
118,32,JAWA BARAT,3204,KABUPATEN BANDUNG,RESTORAN/RUMAH MAKAN,6894597594,RUPIAH,2015
119,32,JAWA BARAT,3204,KABUPATEN BANDUNG,HIBURAN,706313905,RUPIAH,2015
120,32,JAWA BARAT,3204,KABUPATEN BANDUNG,RETRIBUSI,0,RUPIAH,2015
121,32,JAWA BARAT,3205,KABUPATEN GARUT,HOTEL,1446990400,RUPIAH,2015
122,32,JAWA BARAT,3205,KABUPATEN GARUT,RESTORAN/RUMAH MAKAN,0,RUPIAH,2015
123,32,JAWA BARAT,3205,KABUPATEN GARUT,HIBURAN,0,RUPIAH,2015
124,32,JAWA BARAT,3205,KABUPATEN GARUT,RETRIBUSI,331986000,RUPIAH,2015
125,32,JAWA BARAT,3206,KABUPATEN TASIKMALAYA,HOTEL,25824000,RUPIAH,2015
126,32,JAWA BARAT,3206,KABUPATEN TASIKMALAYA,RESTORAN/RUMAH MAKAN,171997090,RUPIAH,2015
127,32,JAWA BARAT,3206,KABUPATEN TASIKMALAYA,HIBURAN,7084585,RUPIAH,2015
128,32,JAWA BARAT,3206,KABUPATEN TASIKMALAYA,RETRIBUSI,137189000,RUPIAH,2015
129,32,JAWA BARAT,3207,KABUPATEN CIAMIS,HOTEL,1660176980,RUPIAH,2015
130,32,JAWA BARAT,3207,KABUPATEN CIAMIS,RESTORAN/RUMAH MAKAN,1355072308,RUPIAH,2015
131,32,JAWA BARAT,3207,KABUPATEN CIAMIS,HIBURAN,257274631,RUPIAH,2015
132,32,JAWA BARAT,3207,KABUPATEN CIAMIS,RETRIBUSI,3949194450,RUPIAH,2015
133,32,JAWA BARAT,3208,KABUPATEN KUNINGAN,HOTEL,2279517632,RUPIAH,2015
134,32,JAWA BARAT,3208,KABUPATEN KUNINGAN,RESTORAN/RUMAH MAKAN,2379321635,RUPIAH,2015
135,32,JAWA BARAT,3208,KABUPATEN KUNINGAN,HIBURAN,501129332,RUPIAH,2015
136,32,JAWA BARAT,3208,KABUPATEN KUNINGAN,RETRIBUSI,420533450,RUPIAH,2015
137,32,JAWA BARAT,3209,KABUPATEN CIREBON,HOTEL,826000000,RUPIAH,2015
138,32,JAWA BARAT,3209,KABUPATEN CIREBON,RESTORAN/RUMAH MAKAN,497740000,RUPIAH,2015
139,32,JAWA BARAT,3209,KABUPATEN CIREBON,HIBURAN,410000000,RUPIAH,2015
140,32,JAWA BARAT,3209,KABUPATEN CIREBON,RETRIBUSI,108054600,RUPIAH,2015
141,32,JAWA BARAT,3210,KABUPATEN MAJALENGKA,HOTEL,98393900,RUPIAH,2015
142,32,JAWA BARAT,3210,KABUPATEN MAJALENGKA,RESTORAN/RUMAH MAKAN,1493965369,RUPIAH,2015
143,32,JAWA BARAT,3210,KABUPATEN MAJALENGKA,HIBURAN,74616250,RUPIAH,2015
144,32,JAWA BARAT,3210,KABUPATEN MAJALENGKA,RETRIBUSI,117000000,RUPIAH,2015
145,32,JAWA BARAT,3211,KABUPATEN SUMEDANG,HOTEL,600417602,RUPIAH,2015
146,32,JAWA BARAT,3211,KABUPATEN SUMEDANG,RESTORAN/RUMAH MAKAN,2035742445,RUPIAH,2015
147,32,JAWA BARAT,3211,KABUPATEN SUMEDANG,HIBURAN,392621025,RUPIAH,2015
148,32,JAWA BARAT,3211,KABUPATEN SUMEDANG,RETRIBUSI,77915000,RUPIAH,2015
149,32,JAWA BARAT,3212,KABUPATEN INDRAMAYU,HOTEL,146587500,RUPIAH,2015
150,32,JAWA BARAT,3212,KABUPATEN INDRAMAYU,RESTORAN/RUMAH MAKAN,779958600,RUPIAH,2015
151,32,JAWA BARAT,3212,KABUPATEN INDRAMAYU,HIBURAN,70555000,RUPIAH,2015
152,32,JAWA BARAT,3212,KABUPATEN INDRAMAYU,RETRIBUSI,116384150,RUPIAH,2015
153,32,JAWA BARAT,3213,KABUPATEN SUBANG,HOTEL,2007490863,RUPIAH,2015
154,32,JAWA BARAT,3213,KABUPATEN SUBANG,RESTORAN/RUMAH MAKAN,2238945089,RUPIAH,2015
155,32,JAWA BARAT,3213,KABUPATEN SUBANG,HIBURAN,5223862322,RUPIAH,2015
156,32,JAWA BARAT,3213,KABUPATEN SUBANG,RETRIBUSI,1610721739,RUPIAH,2015
157,32,JAWA BARAT,3214,KABUPATEN PURWAKARTA,HOTEL,1696998259,RUPIAH,2015
158,32,JAWA BARAT,3214,KABUPATEN PURWAKARTA,RESTORAN/RUMAH MAKAN,2594692337,RUPIAH,2015
159,32,JAWA BARAT,3214,KABUPATEN PURWAKARTA,HIBURAN,268128183,RUPIAH,2015
160,32,JAWA BARAT,3214,KABUPATEN PURWAKARTA,RETRIBUSI,2984700,RUPIAH,2015
161,32,JAWA BARAT,3215,KABUPATEN KARAWANG,HOTEL,0,RUPIAH,2015
162,32,JAWA BARAT,3215,KABUPATEN KARAWANG,RESTORAN/RUMAH MAKAN,0,RUPIAH,2015
163,32,JAWA BARAT,3215,KABUPATEN KARAWANG,HIBURAN,0,RUPIAH,2015
164,32,JAWA BARAT,3215,KABUPATEN KARAWANG,RETRIBUSI,0,RUPIAH,2015
165,32,JAWA BARAT,3216,KABUPATEN BEKASI,HOTEL,732564174,RUPIAH,2015
166,32,JAWA BARAT,3216,KABUPATEN BEKASI,RESTORAN/RUMAH MAKAN,343945054,RUPIAH,2015
167,32,JAWA BARAT,3216,KABUPATEN BEKASI,HIBURAN,0,RUPIAH,2015
168,32,JAWA BARAT,3216,KABUPATEN BEKASI,RETRIBUSI,0,RUPIAH,2015
169,32,JAWA BARAT,3217,KABUPATEN BANDUNG BARAT,HOTEL,12172543668,RUPIAH,2015
170,32,JAWA BARAT,3217,KABUPATEN BANDUNG BARAT,RESTORAN/RUMAH MAKAN,9686084099,RUPIAH,2015
171,32,JAWA BARAT,3217,KABUPATEN BANDUNG BARAT,HIBURAN,1329365744,RUPIAH,2015
172,32,JAWA BARAT,3217,KABUPATEN BANDUNG BARAT,RETRIBUSI,93146000,RUPIAH,2015
173,32,JAWA BARAT,3218,KABUPATEN PANGANDARAN,HOTEL,0,RUPIAH,2015
174,32,JAWA BARAT,3218,KABUPATEN PANGANDARAN,RESTORAN/RUMAH MAKAN,0,RUPIAH,2015
175,32,JAWA BARAT,3218,KABUPATEN PANGANDARAN,HIBURAN,0,RUPIAH,2015
176,32,JAWA BARAT,3218,KABUPATEN PANGANDARAN,RETRIBUSI,0,RUPIAH,2015
177,32,JAWA BARAT,3271,KOTA BOGOR,HOTEL,27528683203,RUPIAH,2015
178,32,JAWA BARAT,3271,KOTA BOGOR,RESTORAN/RUMAH MAKAN,39510789644,RUPIAH,2015
179,32,JAWA BARAT,3271,KOTA BOGOR,HIBURAN,13707405648,RUPIAH,2015
180,32,JAWA BARAT,3271,KOTA BOGOR,RETRIBUSI,0,RUPIAH,2015
181,32,JAWA BARAT,3272,KOTA SUKABUMI,HOTEL,550179000,RUPIAH,2015
182,32,JAWA BARAT,3272,KOTA SUKABUMI,RESTORAN/RUMAH MAKAN,2771548000,RUPIAH,2015
183,32,JAWA BARAT,3272,KOTA SUKABUMI,HIBURAN,510334000,RUPIAH,2015
184,32,JAWA BARAT,3272,KOTA SUKABUMI,RETRIBUSI,77470000,RUPIAH,2015
185,32,JAWA BARAT,3273,KOTA BANDUNG,HOTEL,72300805686,RUPIAH,2015
186,32,JAWA BARAT,3273,KOTA BANDUNG,RESTORAN/RUMAH MAKAN,66601904599,RUPIAH,2015
187,32,JAWA BARAT,3273,KOTA BANDUNG,HIBURAN,22540126656,RUPIAH,2015
188,32,JAWA BARAT,3273,KOTA BANDUNG,RETRIBUSI,1400000000,RUPIAH,2015
189,32,JAWA BARAT,3274,KOTA CIREBON,HOTEL,2136290890,RUPIAH,2015
190,32,JAWA BARAT,3274,KOTA CIREBON,RESTORAN/RUMAH MAKAN,2948706101,RUPIAH,2015
191,32,JAWA BARAT,3274,KOTA CIREBON,HIBURAN,1031185094,RUPIAH,2015
192,32,JAWA BARAT,3274,KOTA CIREBON,RETRIBUSI,22500000,RUPIAH,2015
193,32,JAWA BARAT,3275,KOTA BEKASI,HOTEL,2964590904,RUPIAH,2015
194,32,JAWA BARAT,3275,KOTA BEKASI,RESTORAN/RUMAH MAKAN,10267419208,RUPIAH,2015
195,32,JAWA BARAT,3275,KOTA BEKASI,HIBURAN,3402206244,RUPIAH,2015
196,32,JAWA BARAT,3275,KOTA BEKASI,RETRIBUSI,55250000,RUPIAH,2015
197,32,JAWA BARAT,3276,KOTA DEPOK,HOTEL,1658480431,RUPIAH,2015
198,32,JAWA BARAT,3276,KOTA DEPOK,RESTORAN/RUMAH MAKAN,17746763032,RUPIAH,2015
199,32,JAWA BARAT,3276,KOTA DEPOK,HIBURAN,2464074076,RUPIAH,2015
200,32,JAWA BARAT,3276,KOTA DEPOK,RETRIBUSI,80050000,RUPIAH,2015
201,32,JAWA BARAT,3277,KOTA CIMAHI,HOTEL,49850000,RUPIAH,2015
202,32,JAWA BARAT,3277,KOTA CIMAHI,RESTORAN/RUMAH MAKAN,2314031334,RUPIAH,2015
203,32,JAWA BARAT,3277,KOTA CIMAHI,HIBURAN,68801500,RUPIAH,2015
204,32,JAWA BARAT,3277,KOTA CIMAHI,RETRIBUSI,35052000,RUPIAH,2015
205,32,JAWA BARAT,3278,KOTA TASIKMALAYA,HOTEL,212246553,RUPIAH,2015
206,32,JAWA BARAT,3278,KOTA TASIKMALAYA,RESTORAN/RUMAH MAKAN,396043510,RUPIAH,2015
207,32,JAWA BARAT,3278,KOTA TASIKMALAYA,HIBURAN,14168376,RUPIAH,2015
208,32,JAWA BARAT,3278,KOTA TASIKMALAYA,RETRIBUSI,12537000,RUPIAH,2015
209,32,JAWA BARAT,3279,KOTA BANJAR,HOTEL,356512600,RUPIAH,2015
210,32,JAWA BARAT,3279,KOTA BANJAR,RESTORAN/RUMAH MAKAN,2033850186,RUPIAH,2015
211,32,JAWA BARAT,3279,KOTA BANJAR,HIBURAN,55336752,RUPIAH,2015
212,32,JAWA BARAT,3279,KOTA BANJAR,RETRIBUSI,993961250,RUPIAH,2015
213,32,JAWA BARAT,3201,KABUPATEN BOGOR,HOTEL,0,RUPIAH,2016
214,32,JAWA BARAT,3201,KABUPATEN BOGOR,RESTORAN/RUMAH MAKAN,27946638075,RUPIAH,2016
215,32,JAWA BARAT,3201,KABUPATEN BOGOR,HIBURAN,7077430815,RUPIAH,2016
216,32,JAWA BARAT,3201,KABUPATEN BOGOR,RETRIBUSI,485255100,RUPIAH,2016
217,32,JAWA BARAT,3202,KABUPATEN SUKABUMI,HOTEL,0,RUPIAH,2016
218,32,JAWA BARAT,3202,KABUPATEN SUKABUMI,RESTORAN/RUMAH MAKAN,0,RUPIAH,2016
219,32,JAWA BARAT,3202,KABUPATEN SUKABUMI,HIBURAN,0,RUPIAH,2016
220,32,JAWA BARAT,3202,KABUPATEN SUKABUMI,RETRIBUSI,1108916000,RUPIAH,2016
221,32,JAWA BARAT,3203,KABUPATEN CIANJUR,HOTEL,0,RUPIAH,2016
222,32,JAWA BARAT,3203,KABUPATEN CIANJUR,RESTORAN/RUMAH MAKAN,0,RUPIAH,2016
223,32,JAWA BARAT,3203,KABUPATEN CIANJUR,HIBURAN,0,RUPIAH,2016
224,32,JAWA BARAT,3203,KABUPATEN CIANJUR,RETRIBUSI,0,RUPIAH,2016
225,32,JAWA BARAT,3204,KABUPATEN BANDUNG,HOTEL,2311227053,RUPIAH,2016
226,32,JAWA BARAT,3204,KABUPATEN BANDUNG,RESTORAN/RUMAH MAKAN,6894597594,RUPIAH,2016
227,32,JAWA BARAT,3204,KABUPATEN BANDUNG,HIBURAN,706313905,RUPIAH,2016
228,32,JAWA BARAT,3204,KABUPATEN BANDUNG,RETRIBUSI,0,RUPIAH,2016
229,32,JAWA BARAT,3205,KABUPATEN GARUT,HOTEL,933880000,RUPIAH,2016
230,32,JAWA BARAT,3205,KABUPATEN GARUT,RESTORAN/RUMAH MAKAN,0,RUPIAH,2016
231,32,JAWA BARAT,3205,KABUPATEN GARUT,HIBURAN,1500000,RUPIAH,2016
232,32,JAWA BARAT,3205,KABUPATEN GARUT,RETRIBUSI,392784000,RUPIAH,2016
233,32,JAWA BARAT,3206,KABUPATEN TASIKMALAYA,HOTEL,25824000,RUPIAH,2016
234,32,JAWA BARAT,3206,KABUPATEN TASIKMALAYA,RESTORAN/RUMAH MAKAN,171997090,RUPIAH,2016
235,32,JAWA BARAT,3206,KABUPATEN TASIKMALAYA,HIBURAN,7084585,RUPIAH,2016
236,32,JAWA BARAT,3206,KABUPATEN TASIKMALAYA,RETRIBUSI,137189000,RUPIAH,2016
237,32,JAWA BARAT,3207,KABUPATEN CIAMIS,HOTEL,511361013,RUPIAH,2016
238,32,JAWA BARAT,3207,KABUPATEN CIAMIS,RESTORAN/RUMAH MAKAN,2703033825,RUPIAH,2016
239,32,JAWA BARAT,3207,KABUPATEN CIAMIS,HIBURAN,142513850,RUPIAH,2016
240,32,JAWA BARAT,3207,KABUPATEN CIAMIS,RETRIBUSI,626116800,RUPIAH,2016
241,32,JAWA BARAT,3208,KABUPATEN KUNINGAN,HOTEL,2279517632,RUPIAH,2016
242,32,JAWA BARAT,3208,KABUPATEN KUNINGAN,RESTORAN/RUMAH MAKAN,2379321635,RUPIAH,2016
243,32,JAWA BARAT,3208,KABUPATEN KUNINGAN,HIBURAN,501129332,RUPIAH,2016
244,32,JAWA BARAT,3208,KABUPATEN KUNINGAN,RETRIBUSI,420533450,RUPIAH,2016
245,32,JAWA BARAT,3209,KABUPATEN CIREBON,HOTEL,826000000,RUPIAH,2016
246,32,JAWA BARAT,3209,KABUPATEN CIREBON,RESTORAN/RUMAH MAKAN,497740000,RUPIAH,2016
247,32,JAWA BARAT,3209,KABUPATEN CIREBON,HIBURAN,410000000,RUPIAH,2016
248,32,JAWA BARAT,3209,KABUPATEN CIREBON,RETRIBUSI,108054600,RUPIAH,2016
249,32,JAWA BARAT,3210,KABUPATEN MAJALENGKA,HOTEL,0,RUPIAH,2016
250,32,JAWA BARAT,3210,KABUPATEN MAJALENGKA,RESTORAN/RUMAH MAKAN,0,RUPIAH,2016
251,32,JAWA BARAT,3210,KABUPATEN MAJALENGKA,HIBURAN,0,RUPIAH,2016
252,32,JAWA BARAT,3210,KABUPATEN MAJALENGKA,RETRIBUSI,0,RUPIAH,2016
253,32,JAWA BARAT,3211,KABUPATEN SUMEDANG,HOTEL,723513590,RUPIAH,2016
254,32,JAWA BARAT,3211,KABUPATEN SUMEDANG,RESTORAN/RUMAH MAKAN,2578345500,RUPIAH,2016
255,32,JAWA BARAT,3211,KABUPATEN SUMEDANG,HIBURAN,412246675,RUPIAH,2016
256,32,JAWA BARAT,3211,KABUPATEN SUMEDANG,RETRIBUSI,98765785,RUPIAH,2016
257,32,JAWA BARAT,3212,KABUPATEN INDRAMAYU,HOTEL,146587500,RUPIAH,2016
258,32,JAWA BARAT,3212,KABUPATEN INDRAMAYU,RESTORAN/RUMAH MAKAN,779958600,RUPIAH,2016
259,32,JAWA BARAT,3212,KABUPATEN INDRAMAYU,HIBURAN,70555000,RUPIAH,2016
260,32,JAWA BARAT,3212,KABUPATEN INDRAMAYU,RETRIBUSI,116384150,RUPIAH,2016
261,32,JAWA BARAT,3213,KABUPATEN SUBANG,HOTEL,669163612,RUPIAH,2016
262,32,JAWA BARAT,3213,KABUPATEN SUBANG,RESTORAN/RUMAH MAKAN,746315030,RUPIAH,2016
263,32,JAWA BARAT,3213,KABUPATEN SUBANG,HIBURAN,0,RUPIAH,2016
264,32,JAWA BARAT,3213,KABUPATEN SUBANG,RETRIBUSI,536907246,RUPIAH,2016
265,32,JAWA BARAT,3214,KABUPATEN PURWAKARTA,HOTEL,1696998259,RUPIAH,2016
266,32,JAWA BARAT,3214,KABUPATEN PURWAKARTA,RESTORAN/RUMAH MAKAN,2594692337,RUPIAH,2016
267,32,JAWA BARAT,3214,KABUPATEN PURWAKARTA,HIBURAN,268128183,RUPIAH,2016
268,32,JAWA BARAT,3214,KABUPATEN PURWAKARTA,RETRIBUSI,2984700,RUPIAH,2016
269,32,JAWA BARAT,3215,KABUPATEN KARAWANG,HOTEL,12446715400,RUPIAH,2016
270,32,JAWA BARAT,3215,KABUPATEN KARAWANG,RESTORAN/RUMAH MAKAN,46209341079,RUPIAH,2016
271,32,JAWA BARAT,3215,KABUPATEN KARAWANG,HIBURAN,7042609020,RUPIAH,2016
272,32,JAWA BARAT,3215,KABUPATEN KARAWANG,RETRIBUSI,259500000,RUPIAH,2016
273,32,JAWA BARAT,3216,KABUPATEN BEKASI,HOTEL,732564174,RUPIAH,2016
274,32,JAWA BARAT,3216,KABUPATEN BEKASI,RESTORAN/RUMAH MAKAN,343945054,RUPIAH,2016
275,32,JAWA BARAT,3216,KABUPATEN BEKASI,HIBURAN,0,RUPIAH,2016
276,32,JAWA BARAT,3216,KABUPATEN BEKASI,RETRIBUSI,0,RUPIAH,2016
277,32,JAWA BARAT,3217,KABUPATEN BANDUNG BARAT,HOTEL,12172543668,RUPIAH,2016
278,32,JAWA BARAT,3217,KABUPATEN BANDUNG BARAT,RESTORAN/RUMAH MAKAN,9686084099,RUPIAH,2016
279,32,JAWA BARAT,3217,KABUPATEN BANDUNG BARAT,HIBURAN,1329365744,RUPIAH,2016
280,32,JAWA BARAT,3217,KABUPATEN BANDUNG BARAT,RETRIBUSI,93146000,RUPIAH,2016
281,32,JAWA BARAT,3218,KABUPATEN PANGANDARAN,HOTEL,5832123150,RUPIAH,2016
282,32,JAWA BARAT,3218,KABUPATEN PANGANDARAN,RESTORAN/RUMAH MAKAN,0,RUPIAH,2016
283,32,JAWA BARAT,3218,KABUPATEN PANGANDARAN,HIBURAN,0,RUPIAH,2016
284,32,JAWA BARAT,3218,KABUPATEN PANGANDARAN,RETRIBUSI,0,RUPIAH,2016
285,32,JAWA BARAT,3271,KOTA BOGOR,HOTEL,108343661726,RUPIAH,2016
286,32,JAWA BARAT,3271,KOTA BOGOR,RESTORAN/RUMAH MAKAN,148411268803,RUPIAH,2016
287,32,JAWA BARAT,3271,KOTA BOGOR,HIBURAN,38881271361,RUPIAH,2016
288,32,JAWA BARAT,3271,KOTA BOGOR,RETRIBUSI,0,RUPIAH,2016
289,32,JAWA BARAT,3272,KOTA SUKABUMI,HOTEL,550179000,RUPIAH,2016
290,32,JAWA BARAT,3272,KOTA SUKABUMI,RESTORAN/RUMAH MAKAN,2771548000,RUPIAH,2016
291,32,JAWA BARAT,3272,KOTA SUKABUMI,HIBURAN,510334000,RUPIAH,2016
292,32,JAWA BARAT,3272,KOTA SUKABUMI,RETRIBUSI,77470000,RUPIAH,2016
293,32,JAWA BARAT,3273,KOTA BANDUNG,HOTEL,72300805686,RUPIAH,2016
294,32,JAWA BARAT,3273,KOTA BANDUNG,RESTORAN/RUMAH MAKAN,66601904599,RUPIAH,2016
295,32,JAWA BARAT,3273,KOTA BANDUNG,HIBURAN,22540126656,RUPIAH,2016
296,32,JAWA BARAT,3273,KOTA BANDUNG,RETRIBUSI,1400000000,RUPIAH,2016
297,32,JAWA BARAT,3274,KOTA CIREBON,HOTEL,2136290890,RUPIAH,2016
298,32,JAWA BARAT,3274,KOTA CIREBON,RESTORAN/RUMAH MAKAN,2948706101,RUPIAH,2016
299,32,JAWA BARAT,3274,KOTA CIREBON,HIBURAN,1031185094,RUPIAH,2016
300,32,JAWA BARAT,3274,KOTA CIREBON,RETRIBUSI,22500000,RUPIAH,2016
301,32,JAWA BARAT,3275,KOTA BEKASI,HOTEL,2964590904,RUPIAH,2016
302,32,JAWA BARAT,3275,KOTA BEKASI,RESTORAN/RUMAH MAKAN,10267419208,RUPIAH,2016
303,32,JAWA BARAT,3275,KOTA BEKASI,HIBURAN,3402206244,RUPIAH,2016
304,32,JAWA BARAT,3275,KOTA BEKASI,RETRIBUSI,55250000,RUPIAH,2016
305,32,JAWA BARAT,3276,KOTA DEPOK,HOTEL,1658480431,RUPIAH,2016
306,32,JAWA BARAT,3276,KOTA DEPOK,RESTORAN/RUMAH MAKAN,17746763032,RUPIAH,2016
307,32,JAWA BARAT,3276,KOTA DEPOK,HIBURAN,2464074076,RUPIAH,2016
308,32,JAWA BARAT,3276,KOTA DEPOK,RETRIBUSI,80050000,RUPIAH,2016
309,32,JAWA BARAT,3277,KOTA CIMAHI,HOTEL,583452297,RUPIAH,2016
310,32,JAWA BARAT,3277,KOTA CIMAHI,RESTORAN/RUMAH MAKAN,8289445773,RUPIAH,2016
311,32,JAWA BARAT,3277,KOTA CIMAHI,HIBURAN,602110871,RUPIAH,2016
312,32,JAWA BARAT,3277,KOTA CIMAHI,RETRIBUSI,0,RUPIAH,2016
313,32,JAWA BARAT,3278,KOTA TASIKMALAYA,HOTEL,0,RUPIAH,2016
314,32,JAWA BARAT,3278,KOTA TASIKMALAYA,RESTORAN/RUMAH MAKAN,0,RUPIAH,2016
315,32,JAWA BARAT,3278,KOTA TASIKMALAYA,HIBURAN,0,RUPIAH,2016
316,32,JAWA BARAT,3278,KOTA TASIKMALAYA,RETRIBUSI,0,RUPIAH,2016
317,32,JAWA BARAT,3279,KOTA BANJAR,HOTEL,0,RUPIAH,2016
318,32,JAWA BARAT,3279,KOTA BANJAR,RESTORAN/RUMAH MAKAN,0,RUPIAH,2016
319,32,JAWA BARAT,3279,KOTA BANJAR,HIBURAN,0,RUPIAH,2016
320,32,JAWA BARAT,3279,KOTA BANJAR,RETRIBUSI,0,RUPIAH,2016
321,32,JAWA BARAT,3201,KABUPATEN BOGOR,HOTEL,57210871840,RUPIAH,2017
322,32,JAWA BARAT,3201,KABUPATEN BOGOR,RESTORAN/RUMAH MAKAN,88857747868,RUPIAH,2017
323,32,JAWA BARAT,3201,KABUPATEN BOGOR,HIBURAN,48711163101,RUPIAH,2017
324,32,JAWA BARAT,3201,KABUPATEN BOGOR,RETRIBUSI,37700000,RUPIAH,2017
325,32,JAWA BARAT,3202,KABUPATEN SUKABUMI,HOTEL,0,RUPIAH,2017
326,32,JAWA BARAT,3202,KABUPATEN SUKABUMI,RESTORAN/RUMAH MAKAN,0,RUPIAH,2017
327,32,JAWA BARAT,3202,KABUPATEN SUKABUMI,HIBURAN,0,RUPIAH,2017
328,32,JAWA BARAT,3202,KABUPATEN SUKABUMI,RETRIBUSI,1108916000,RUPIAH,2017
329,32,JAWA BARAT,3203,KABUPATEN CIANJUR,HOTEL,0,RUPIAH,2017
330,32,JAWA BARAT,3203,KABUPATEN CIANJUR,RESTORAN/RUMAH MAKAN,0,RUPIAH,2017
331,32,JAWA BARAT,3203,KABUPATEN CIANJUR,HIBURAN,0,RUPIAH,2017
332,32,JAWA BARAT,3203,KABUPATEN CIANJUR,RETRIBUSI,0,RUPIAH,2017
333,32,JAWA BARAT,3204,KABUPATEN BANDUNG,HOTEL,2311227053,RUPIAH,2017
334,32,JAWA BARAT,3204,KABUPATEN BANDUNG,RESTORAN/RUMAH MAKAN,6894597594,RUPIAH,2017
335,32,JAWA BARAT,3204,KABUPATEN BANDUNG,HIBURAN,706313905,RUPIAH,2017
336,32,JAWA BARAT,3204,KABUPATEN BANDUNG,RETRIBUSI,0,RUPIAH,2017
337,32,JAWA BARAT,3205,KABUPATEN GARUT,HOTEL,933880000,RUPIAH,2017
338,32,JAWA BARAT,3205,KABUPATEN GARUT,RESTORAN/RUMAH MAKAN,0,RUPIAH,2017
339,32,JAWA BARAT,3205,KABUPATEN GARUT,HIBURAN,1500000,RUPIAH,2017
340,32,JAWA BARAT,3205,KABUPATEN GARUT,RETRIBUSI,392784000,RUPIAH,2017
341,32,JAWA BARAT,3206,KABUPATEN TASIKMALAYA,HOTEL,25824000,RUPIAH,2017
342,32,JAWA BARAT,3206,KABUPATEN TASIKMALAYA,RESTORAN/RUMAH MAKAN,171997090,RUPIAH,2017
343,32,JAWA BARAT,3206,KABUPATEN TASIKMALAYA,HIBURAN,7084585,RUPIAH,2017
344,32,JAWA BARAT,3206,KABUPATEN TASIKMALAYA,RETRIBUSI,137189000,RUPIAH,2017
345,32,JAWA BARAT,3207,KABUPATEN CIAMIS,HOTEL,424534483,RUPIAH,2017
346,32,JAWA BARAT,3207,KABUPATEN CIAMIS,RESTORAN/RUMAH MAKAN,2655478818,RUPIAH,2017
347,32,JAWA BARAT,3207,KABUPATEN CIAMIS,HIBURAN,118754278,RUPIAH,2017
348,32,JAWA BARAT,3207,KABUPATEN CIAMIS,RETRIBUSI,45817206,RUPIAH,2017
349,32,JAWA BARAT,3208,KABUPATEN KUNINGAN,HOTEL,2279517632,RUPIAH,2017
350,32,JAWA BARAT,3208,KABUPATEN KUNINGAN,RESTORAN/RUMAH MAKAN,2379321635,RUPIAH,2017
351,32,JAWA BARAT,3208,KABUPATEN KUNINGAN,HIBURAN,501129332,RUPIAH,2017
352,32,JAWA BARAT,3208,KABUPATEN KUNINGAN,RETRIBUSI,420533450,RUPIAH,2017
353,32,JAWA BARAT,3209,KABUPATEN CIREBON,HOTEL,826000000,RUPIAH,2017
354,32,JAWA BARAT,3209,KABUPATEN CIREBON,RESTORAN/RUMAH MAKAN,497740000,RUPIAH,2017
355,32,JAWA BARAT,3209,KABUPATEN CIREBON,HIBURAN,410000000,RUPIAH,2017
356,32,JAWA BARAT,3209,KABUPATEN CIREBON,RETRIBUSI,108054600,RUPIAH,2017
357,32,JAWA BARAT,3210,KABUPATEN MAJALENGKA,HOTEL,0,RUPIAH,2017
358,32,JAWA BARAT,3210,KABUPATEN MAJALENGKA,RESTORAN/RUMAH MAKAN,0,RUPIAH,2017
359,32,JAWA BARAT,3210,KABUPATEN MAJALENGKA,HIBURAN,0,RUPIAH,2017
360,32,JAWA BARAT,3210,KABUPATEN MAJALENGKA,RETRIBUSI,0,RUPIAH,2017
361,32,JAWA BARAT,3211,KABUPATEN SUMEDANG,HOTEL,723513590,RUPIAH,2017
362,32,JAWA BARAT,3211,KABUPATEN SUMEDANG,RESTORAN/RUMAH MAKAN,2578345500,RUPIAH,2017
363,32,JAWA BARAT,3211,KABUPATEN SUMEDANG,HIBURAN,412246675,RUPIAH,2017
364,32,JAWA BARAT,3211,KABUPATEN SUMEDANG,RETRIBUSI,98765785,RUPIAH,2017
365,32,JAWA BARAT,3212,KABUPATEN INDRAMAYU,HOTEL,268695393,RUPIAH,2017
366,32,JAWA BARAT,3212,KABUPATEN INDRAMAYU,RESTORAN/RUMAH MAKAN,1615688892,RUPIAH,2017
367,32,JAWA BARAT,3212,KABUPATEN INDRAMAYU,HIBURAN,237365300,RUPIAH,2017
368,32,JAWA BARAT,3212,KABUPATEN INDRAMAYU,RETRIBUSI,284250000,RUPIAH,2017
369,32,JAWA BARAT,3213,KABUPATEN SUBANG,HOTEL,669163612,RUPIAH,2017
370,32,JAWA BARAT,3213,KABUPATEN SUBANG,RESTORAN/RUMAH MAKAN,746315030,RUPIAH,2017
371,32,JAWA BARAT,3213,KABUPATEN SUBANG,HIBURAN,0,RUPIAH,2017
372,32,JAWA BARAT,3213,KABUPATEN SUBANG,RETRIBUSI,536907246,RUPIAH,2017
373,32,JAWA BARAT,3214,KABUPATEN PURWAKARTA,HOTEL,1696998259,RUPIAH,2017
374,32,JAWA BARAT,3214,KABUPATEN PURWAKARTA,RESTORAN/RUMAH MAKAN,2594692337,RUPIAH,2017
375,32,JAWA BARAT,3214,KABUPATEN PURWAKARTA,HIBURAN,268128183,RUPIAH,2017
376,32,JAWA BARAT,3214,KABUPATEN PURWAKARTA,RETRIBUSI,2984700,RUPIAH,2017
377,32,JAWA BARAT,3215,KABUPATEN KARAWANG,HOTEL,14363286682,RUPIAH,2017
378,32,JAWA BARAT,3215,KABUPATEN KARAWANG,RESTORAN/RUMAH MAKAN,56455350405,RUPIAH,2017
379,32,JAWA BARAT,3215,KABUPATEN KARAWANG,HIBURAN,9218960629,RUPIAH,2017
380,32,JAWA BARAT,3215,KABUPATEN KARAWANG,RETRIBUSI,0,RUPIAH,2017
381,32,JAWA BARAT,3216,KABUPATEN BEKASI,HOTEL,732564174,RUPIAH,2017
382,32,JAWA BARAT,3216,KABUPATEN BEKASI,RESTORAN/RUMAH MAKAN,343945054,RUPIAH,2017
383,32,JAWA BARAT,3216,KABUPATEN BEKASI,HIBURAN,0,RUPIAH,2017
384,32,JAWA BARAT,3216,KABUPATEN BEKASI,RETRIBUSI,0,RUPIAH,2017
385,32,JAWA BARAT,3217,KABUPATEN BANDUNG BARAT,HOTEL,12172543668,RUPIAH,2017
386,32,JAWA BARAT,3217,KABUPATEN BANDUNG BARAT,RESTORAN/RUMAH MAKAN,9686084099,RUPIAH,2017
387,32,JAWA BARAT,3217,KABUPATEN BANDUNG BARAT,HIBURAN,1329365744,RUPIAH,2017
388,32,JAWA BARAT,3217,KABUPATEN BANDUNG BARAT,RETRIBUSI,93146000,RUPIAH,2017
389,32,JAWA BARAT,3218,KABUPATEN PANGANDARAN,HOTEL,6083433156,RUPIAH,2017
390,32,JAWA BARAT,3218,KABUPATEN PANGANDARAN,RESTORAN/RUMAH MAKAN,1635911404,RUPIAH,2017
391,32,JAWA BARAT,3218,KABUPATEN PANGANDARAN,HIBURAN,76308815,RUPIAH,2017
392,32,JAWA BARAT,3218,KABUPATEN PANGANDARAN,RETRIBUSI,12359032755,RUPIAH,2017
393,32,JAWA BARAT,3271,KOTA BOGOR,HOTEL,68839312,RUPIAH,2017
394,32,JAWA BARAT,3271,KOTA BOGOR,RESTORAN/RUMAH MAKAN,101088093,RUPIAH,2017
395,32,JAWA BARAT,3271,KOTA BOGOR,HIBURAN,23923195,RUPIAH,2017
396,32,JAWA BARAT,3271,KOTA BOGOR,RETRIBUSI,0,RUPIAH,2017
397,32,JAWA BARAT,3272,KOTA SUKABUMI,HOTEL,550179000,RUPIAH,2017
398,32,JAWA BARAT,3272,KOTA SUKABUMI,RESTORAN/RUMAH MAKAN,2771548000,RUPIAH,2017
399,32,JAWA BARAT,3272,KOTA SUKABUMI,HIBURAN,510334000,RUPIAH,2017
400,32,JAWA BARAT,3272,KOTA SUKABUMI,RETRIBUSI,77470000,RUPIAH,2017
401,32,JAWA BARAT,3273,KOTA BANDUNG,HOTEL,72300805686,RUPIAH,2017
402,32,JAWA BARAT,3273,KOTA BANDUNG,RESTORAN/RUMAH MAKAN,66601904599,RUPIAH,2017
403,32,JAWA BARAT,3273,KOTA BANDUNG,HIBURAN,22540126656,RUPIAH,2017
404,32,JAWA BARAT,3273,KOTA BANDUNG,RETRIBUSI,1400000000,RUPIAH,2017
405,32,JAWA BARAT,3274,KOTA CIREBON,HOTEL,2136290890,RUPIAH,2017
406,32,JAWA BARAT,3274,KOTA CIREBON,RESTORAN/RUMAH MAKAN,2948706101,RUPIAH,2017
407,32,JAWA BARAT,3274,KOTA CIREBON,HIBURAN,1031185094,RUPIAH,2017
408,32,JAWA BARAT,3274,KOTA CIREBON,RETRIBUSI,22500000,RUPIAH,2017
409,32,JAWA BARAT,3275,KOTA BEKASI,HOTEL,2964590904,RUPIAH,2017
410,32,JAWA BARAT,3275,KOTA BEKASI,RESTORAN/RUMAH MAKAN,10267419208,RUPIAH,2017
411,32,JAWA BARAT,3275,KOTA BEKASI,HIBURAN,3402206244,RUPIAH,2017
412,32,JAWA BARAT,3275,KOTA BEKASI,RETRIBUSI,55250000,RUPIAH,2017
413,32,JAWA BARAT,3276,KOTA DEPOK,HOTEL,1658480431,RUPIAH,2017
414,32,JAWA BARAT,3276,KOTA DEPOK,RESTORAN/RUMAH MAKAN,17746763032,RUPIAH,2017
415,32,JAWA BARAT,3276,KOTA DEPOK,HIBURAN,2464074076,RUPIAH,2017
416,32,JAWA BARAT,3276,KOTA DEPOK,RETRIBUSI,80050000,RUPIAH,2017
417,32,JAWA BARAT,3277,KOTA CIMAHI,HOTEL,599277260,RUPIAH,2017
418,32,JAWA BARAT,3277,KOTA CIMAHI,RESTORAN/RUMAH MAKAN,8644698910,RUPIAH,2017
419,32,JAWA BARAT,3277,KOTA CIMAHI,HIBURAN,663617205,RUPIAH,2017
420,32,JAWA BARAT,3277,KOTA CIMAHI,RETRIBUSI,0,RUPIAH,2017
421,32,JAWA BARAT,3278,KOTA TASIKMALAYA,HOTEL,0,RUPIAH,2017
422,32,JAWA BARAT,3278,KOTA TASIKMALAYA,RESTORAN/RUMAH MAKAN,0,RUPIAH,2017
423,32,JAWA BARAT,3278,KOTA TASIKMALAYA,HIBURAN,0,RUPIAH,2017
424,32,JAWA BARAT,3278,KOTA TASIKMALAYA,RETRIBUSI,0,RUPIAH,2017
425,32,JAWA BARAT,3279,KOTA BANJAR,HOTEL,0,RUPIAH,2017
426,32,JAWA BARAT,3279,KOTA BANJAR,RESTORAN/RUMAH MAKAN,0,RUPIAH,2017
427,32,JAWA BARAT,3279,KOTA BANJAR,HIBURAN,0,RUPIAH,2017
428,32,JAWA BARAT,3279,KOTA BANJAR,RETRIBUSI,0,RUPIAH,2017
429,32,JAWA BARAT,3201,KABUPATEN BOGOR,HOTEL,0,RUPIAH,2018
430,32,JAWA BARAT,3201,KABUPATEN BOGOR,RESTORAN/RUMAH MAKAN,0,RUPIAH,2018
431,32,JAWA BARAT,3201,KABUPATEN BOGOR,HIBURAN,0,RUPIAH,2018
432,32,JAWA BARAT,3201,KABUPATEN BOGOR,RETRIBUSI,0,RUPIAH,2018
433,32,JAWA BARAT,3202,KABUPATEN SUKABUMI,HOTEL,0,RUPIAH,2018
434,32,JAWA BARAT,3202,KABUPATEN SUKABUMI,RESTORAN/RUMAH MAKAN,0,RUPIAH,2018
435,32,JAWA BARAT,3202,KABUPATEN SUKABUMI,HIBURAN,0,RUPIAH,2018
436,32,JAWA BARAT,3202,KABUPATEN SUKABUMI,RETRIBUSI,0,RUPIAH,2018
437,32,JAWA BARAT,3203,KABUPATEN CIANJUR,HOTEL,0,RUPIAH,2018
438,32,JAWA BARAT,3203,KABUPATEN CIANJUR,RESTORAN/RUMAH MAKAN,0,RUPIAH,2018
439,32,JAWA BARAT,3203,KABUPATEN CIANJUR,HIBURAN,0,RUPIAH,2018
440,32,JAWA BARAT,3203,KABUPATEN CIANJUR,RETRIBUSI,6417872896,RUPIAH,2018
441,32,JAWA BARAT,3204,KABUPATEN BANDUNG,HOTEL,5028777984,RUPIAH,2018
442,32,JAWA BARAT,3204,KABUPATEN BANDUNG,RESTORAN/RUMAH MAKAN,18273357824,RUPIAH,2018
443,32,JAWA BARAT,3204,KABUPATEN BANDUNG,HIBURAN,3899227904,RUPIAH,2018
444,32,JAWA BARAT,3204,KABUPATEN BANDUNG,RETRIBUSI,0,RUPIAH,2018
445,32,JAWA BARAT,3205,KABUPATEN GARUT,HOTEL,0,RUPIAH,2018
446,32,JAWA BARAT,3205,KABUPATEN GARUT,RESTORAN/RUMAH MAKAN,0,RUPIAH,2018
447,32,JAWA BARAT,3205,KABUPATEN GARUT,HIBURAN,0,RUPIAH,2018
448,32,JAWA BARAT,3205,KABUPATEN GARUT,RETRIBUSI,0,RUPIAH,2018
449,32,JAWA BARAT,3206,KABUPATEN TASIKMALAYA,HOTEL,0,RUPIAH,2018
450,32,JAWA BARAT,3206,KABUPATEN TASIKMALAYA,RESTORAN/RUMAH MAKAN,0,RUPIAH,2018
451,32,JAWA BARAT,3206,KABUPATEN TASIKMALAYA,HIBURAN,0,RUPIAH,2018
452,32,JAWA BARAT,3206,KABUPATEN TASIKMALAYA,RETRIBUSI,362967008,RUPIAH,2018
453,32,JAWA BARAT,3207,KABUPATEN CIAMIS,HOTEL,430843072,RUPIAH,2018
454,32,JAWA BARAT,3207,KABUPATEN CIAMIS,RESTORAN/RUMAH MAKAN,350816256,RUPIAH,2018
455,32,JAWA BARAT,3207,KABUPATEN CIAMIS,HIBURAN,133702640,RUPIAH,2018
456,32,JAWA BARAT,3207,KABUPATEN CIAMIS,RETRIBUSI,56469316,RUPIAH,2018
457,32,JAWA BARAT,3208,KABUPATEN KUNINGAN,HOTEL,317894131720,RUPIAH,2018
458,32,JAWA BARAT,3208,KABUPATEN KUNINGAN,RESTORAN/RUMAH MAKAN,548411411152,RUPIAH,2018
459,32,JAWA BARAT,3208,KABUPATEN KUNINGAN,HIBURAN,145100849152,RUPIAH,2018
460,32,JAWA BARAT,3208,KABUPATEN KUNINGAN,RETRIBUSI,0,RUPIAH,2018
461,32,JAWA BARAT,3209,KABUPATEN CIREBON,HOTEL,0,RUPIAH,2018
462,32,JAWA BARAT,3209,KABUPATEN CIREBON,RESTORAN/RUMAH MAKAN,0,RUPIAH,2018
463,32,JAWA BARAT,3209,KABUPATEN CIREBON,HIBURAN,0,RUPIAH,2018
464,32,JAWA BARAT,3209,KABUPATEN CIREBON,RETRIBUSI,0,RUPIAH,2018
465,32,JAWA BARAT,3210,KABUPATEN MAJALENGKA,HOTEL,293011522,RUPIAH,2018
466,32,JAWA BARAT,3210,KABUPATEN MAJALENGKA,RESTORAN/RUMAH MAKAN,127575192,RUPIAH,2018
467,32,JAWA BARAT,3210,KABUPATEN MAJALENGKA,HIBURAN,206117312,RUPIAH,2018
468,32,JAWA BARAT,3210,KABUPATEN MAJALENGKA,RETRIBUSI,0,RUPIAH,2018
469,32,JAWA BARAT,3211,KABUPATEN SUMEDANG,HOTEL,0,RUPIAH,2018
470,32,JAWA BARAT,3211,KABUPATEN SUMEDANG,RESTORAN/RUMAH MAKAN,0,RUPIAH,2018
471,32,JAWA BARAT,3211,KABUPATEN SUMEDANG,HIBURAN,0,RUPIAH,2018
472,32,JAWA BARAT,3211,KABUPATEN SUMEDANG,RETRIBUSI,0,RUPIAH,2018
473,32,JAWA BARAT,3212,KABUPATEN INDRAMAYU,HOTEL,121014744,RUPIAH,2018
474,32,JAWA BARAT,3212,KABUPATEN INDRAMAYU,RESTORAN/RUMAH MAKAN,1465242880,RUPIAH,2018
475,32,JAWA BARAT,3212,KABUPATEN INDRAMAYU,HIBURAN,155260400,RUPIAH,2018
476,32,JAWA BARAT,3212,KABUPATEN INDRAMAYU,RETRIBUSI,430249984,RUPIAH,2018
477,32,JAWA BARAT,3213,KABUPATEN SUBANG,HOTEL,954098560,RUPIAH,2018
478,32,JAWA BARAT,3213,KABUPATEN SUBANG,RESTORAN/RUMAH MAKAN,2085132288,RUPIAH,2018
479,32,JAWA BARAT,3213,KABUPATEN SUBANG,HIBURAN,173418560,RUPIAH,2018
480,32,JAWA BARAT,3213,KABUPATEN SUBANG,RETRIBUSI,0,RUPIAH,2018
481,32,JAWA BARAT,3214,KABUPATEN PURWAKARTA,HOTEL,0,RUPIAH,2018
482,32,JAWA BARAT,3214,KABUPATEN PURWAKARTA,RESTORAN/RUMAH MAKAN,0,RUPIAH,2018
483,32,JAWA BARAT,3214,KABUPATEN PURWAKARTA,HIBURAN,0,RUPIAH,2018
484,32,JAWA BARAT,3214,KABUPATEN PURWAKARTA,RETRIBUSI,0,RUPIAH,2018
485,32,JAWA BARAT,3215,KABUPATEN KARAWANG,HOTEL,0,RUPIAH,2018
486,32,JAWA BARAT,3215,KABUPATEN KARAWANG,RESTORAN/RUMAH MAKAN,0,RUPIAH,2018
487,32,JAWA BARAT,3215,KABUPATEN KARAWANG,HIBURAN,0,RUPIAH,2018
488,32,JAWA BARAT,3215,KABUPATEN KARAWANG,RETRIBUSI,0,RUPIAH,2018
489,32,JAWA BARAT,3216,KABUPATEN BEKASI,HOTEL,22427604190,RUPIAH,2018
490,32,JAWA BARAT,3216,KABUPATEN BEKASI,RESTORAN/RUMAH MAKAN,94828704564,RUPIAH,2018
491,32,JAWA BARAT,3216,KABUPATEN BEKASI,HIBURAN,9605281290,RUPIAH,2018
492,32,JAWA BARAT,3216,KABUPATEN BEKASI,RETRIBUSI,125081743150,RUPIAH,2018
493,32,JAWA BARAT,3217,KABUPATEN BANDUNG BARAT,HOTEL,0,RUPIAH,2018
494,32,JAWA BARAT,3217,KABUPATEN BANDUNG BARAT,RESTORAN/RUMAH MAKAN,0,RUPIAH,2018
495,32,JAWA BARAT,3217,KABUPATEN BANDUNG BARAT,HIBURAN,0,RUPIAH,2018
496,32,JAWA BARAT,3217,KABUPATEN BANDUNG BARAT,RETRIBUSI,325798112,RUPIAH,2018
497,32,JAWA BARAT,3218,KABUPATEN PANGANDARAN,HOTEL,0,RUPIAH,2018
498,32,JAWA BARAT,3218,KABUPATEN PANGANDARAN,RESTORAN/RUMAH MAKAN,0,RUPIAH,2018
499,32,JAWA BARAT,3218,KABUPATEN PANGANDARAN,HIBURAN,0,RUPIAH,2018
500,32,JAWA BARAT,3218,KABUPATEN PANGANDARAN,RETRIBUSI,0,RUPIAH,2018
501,32,JAWA BARAT,3271,KOTA BOGOR,HOTEL,82000000000,RUPIAH,2018
502,32,JAWA BARAT,3271,KOTA BOGOR,RESTORAN/RUMAH MAKAN,128000000000,RUPIAH,2018
503,32,JAWA BARAT,3271,KOTA BOGOR,HIBURAN,2925000000,RUPIAH,2018
504,32,JAWA BARAT,3271,KOTA BOGOR,RETRIBUSI,0,RUPIAH,2018
505,32,JAWA BARAT,3272,KOTA SUKABUMI,HOTEL,0,RUPIAH,2018
506,32,JAWA BARAT,3272,KOTA SUKABUMI,RESTORAN/RUMAH MAKAN,0,RUPIAH,2018
507,32,JAWA BARAT,3272,KOTA SUKABUMI,HIBURAN,0,RUPIAH,2018
508,32,JAWA BARAT,3272,KOTA SUKABUMI,RETRIBUSI,0,RUPIAH,2018
509,32,JAWA BARAT,3273,KOTA BANDUNG,HOTEL,0,RUPIAH,2018
510,32,JAWA BARAT,3273,KOTA BANDUNG,RESTORAN/RUMAH MAKAN,0,RUPIAH,2018
511,32,JAWA BARAT,3273,KOTA BANDUNG,HIBURAN,0,RUPIAH,2018
512,32,JAWA BARAT,3273,KOTA BANDUNG,RETRIBUSI,0,RUPIAH,2018
513,32,JAWA BARAT,3274,KOTA CIREBON,HOTEL,0,RUPIAH,2018
514,32,JAWA BARAT,3274,KOTA CIREBON,RESTORAN/RUMAH MAKAN,0,RUPIAH,2018
515,32,JAWA BARAT,3274,KOTA CIREBON,HIBURAN,0,RUPIAH,2018
516,32,JAWA BARAT,3274,KOTA CIREBON,RETRIBUSI,0,RUPIAH,2018
517,32,JAWA BARAT,3275,KOTA BEKASI,HOTEL,32311158784,RUPIAH,2018
518,32,JAWA BARAT,3275,KOTA BEKASI,RESTORAN/RUMAH MAKAN,320077627392,RUPIAH,2018
519,32,JAWA BARAT,3275,KOTA BEKASI,HIBURAN,48418889728,RUPIAH,2018
520,32,JAWA BARAT,3275,KOTA BEKASI,RETRIBUSI,0,RUPIAH,2018
521,32,JAWA BARAT,3276,KOTA DEPOK,HOTEL,0,RUPIAH,2018
522,32,JAWA BARAT,3276,KOTA DEPOK,RESTORAN/RUMAH MAKAN,0,RUPIAH,2018
523,32,JAWA BARAT,3276,KOTA DEPOK,HIBURAN,0,RUPIAH,2018
524,32,JAWA BARAT,3276,KOTA DEPOK,RETRIBUSI,0,RUPIAH,2018
525,32,JAWA BARAT,3277,KOTA CIMAHI,HOTEL,585698752,RUPIAH,2018
526,32,JAWA BARAT,3277,KOTA CIMAHI,RESTORAN/RUMAH MAKAN,11764475904,RUPIAH,2018
527,32,JAWA BARAT,3277,KOTA CIMAHI,HIBURAN,677260288,RUPIAH,2018
528,32,JAWA BARAT,3277,KOTA CIMAHI,RETRIBUSI,0,RUPIAH,2018
529,32,JAWA BARAT,3278,KOTA TASIKMALAYA,HOTEL,0,RUPIAH,2018
530,32,JAWA BARAT,3278,KOTA TASIKMALAYA,RESTORAN/RUMAH MAKAN,0,RUPIAH,2018
531,32,JAWA BARAT,3278,KOTA TASIKMALAYA,HIBURAN,0,RUPIAH,2018
532,32,JAWA BARAT,3278,KOTA TASIKMALAYA,RETRIBUSI,0,RUPIAH,2018
533,32,JAWA BARAT,3279,KOTA BANJAR,HOTEL,0,RUPIAH,2018
534,32,JAWA BARAT,3279,KOTA BANJAR,RESTORAN/RUMAH MAKAN,0,RUPIAH,2018
535,32,JAWA BARAT,3279,KOTA BANJAR,HIBURAN,0,RUPIAH,2018
536,32,JAWA BARAT,3279,KOTA BANJAR,RETRIBUSI,0,RUPIAH,2018
537,32,JAWA BARAT,3201,KABUPATEN BOGOR,HOTEL,0,RUPIAH,2019
538,32,JAWA BARAT,3201,KABUPATEN BOGOR,RESTORAN/RUMAH MAKAN,0,RUPIAH,2019
539,32,JAWA BARAT,3201,KABUPATEN BOGOR,HIBURAN,0,RUPIAH,2019
540,32,JAWA BARAT,3201,KABUPATEN BOGOR,RETRIBUSI,0,RUPIAH,2019
541,32,JAWA BARAT,3202,KABUPATEN SUKABUMI,HOTEL,801767061,RUPIAH,2019
542,32,JAWA BARAT,3202,KABUPATEN SUKABUMI,RESTORAN/RUMAH MAKAN,2601502106,RUPIAH,2019
543,32,JAWA BARAT,3202,KABUPATEN SUKABUMI,HIBURAN,155879163,RUPIAH,2019
544,32,JAWA BARAT,3202,KABUPATEN SUKABUMI,RETRIBUSI,41208000,RUPIAH,2019
545,32,JAWA BARAT,3203,KABUPATEN CIANJUR,HOTEL,0,RUPIAH,2019
546,32,JAWA BARAT,3203,KABUPATEN CIANJUR,RESTORAN/RUMAH MAKAN,0,RUPIAH,2019
547,32,JAWA BARAT,3203,KABUPATEN CIANJUR,HIBURAN,0,RUPIAH,2019
548,32,JAWA BARAT,3203,KABUPATEN CIANJUR,RETRIBUSI,6523073700,RUPIAH,2019
549,32,JAWA BARAT,3204,KABUPATEN BANDUNG,HOTEL,6395718269,RUPIAH,2019
550,32,JAWA BARAT,3204,KABUPATEN BANDUNG,RESTORAN/RUMAH MAKAN,28624933209,RUPIAH,2019
551,32,JAWA BARAT,3204,KABUPATEN BANDUNG,HIBURAN,4993798505,RUPIAH,2019
552,32,JAWA BARAT,3204,KABUPATEN BANDUNG,RETRIBUSI,669000000,RUPIAH,2019
553,32,JAWA BARAT,3205,KABUPATEN GARUT,HOTEL,0,RUPIAH,2019
554,32,JAWA BARAT,3205,KABUPATEN GARUT,RESTORAN/RUMAH MAKAN,0,RUPIAH,2019
555,32,JAWA BARAT,3205,KABUPATEN GARUT,HIBURAN,0,RUPIAH,2019
556,32,JAWA BARAT,3205,KABUPATEN GARUT,RETRIBUSI,1126123500,RUPIAH,2019
557,32,JAWA BARAT,3206,KABUPATEN TASIKMALAYA,HOTEL,104097000,RUPIAH,2019
558,32,JAWA BARAT,3206,KABUPATEN TASIKMALAYA,RESTORAN/RUMAH MAKAN,2817835356,RUPIAH,2019
559,32,JAWA BARAT,3206,KABUPATEN TASIKMALAYA,HIBURAN,996837680,RUPIAH,2019
560,32,JAWA BARAT,3206,KABUPATEN TASIKMALAYA,RETRIBUSI,1225656000,RUPIAH,2019
561,32,JAWA BARAT,3207,KABUPATEN CIAMIS,HOTEL,592535387,RUPIAH,2019
562,32,JAWA BARAT,3207,KABUPATEN CIAMIS,RESTORAN/RUMAH MAKAN,4530407176,RUPIAH,2019
563,32,JAWA BARAT,3207,KABUPATEN CIAMIS,HIBURAN,151701670,RUPIAH,2019
564,32,JAWA BARAT,3207,KABUPATEN CIAMIS,RETRIBUSI,9061312284,RUPIAH,2019
565,32,JAWA BARAT,3208,KABUPATEN KUNINGAN,HOTEL,11562360710,RUPIAH,2019
566,32,JAWA BARAT,3208,KABUPATEN KUNINGAN,RESTORAN/RUMAH MAKAN,23281311377,RUPIAH,2019
567,32,JAWA BARAT,3208,KABUPATEN KUNINGAN,HIBURAN,5102316688,RUPIAH,2019
568,32,JAWA BARAT,3208,KABUPATEN KUNINGAN,RETRIBUSI,0,RUPIAH,2019
569,32,JAWA BARAT,3209,KABUPATEN CIREBON,HOTEL,0,RUPIAH,2019
570,32,JAWA BARAT,3209,KABUPATEN CIREBON,RESTORAN/RUMAH MAKAN,0,RUPIAH,2019
571,32,JAWA BARAT,3209,KABUPATEN CIREBON,HIBURAN,0,RUPIAH,2019
572,32,JAWA BARAT,3209,KABUPATEN CIREBON,RETRIBUSI,0,RUPIAH,2019
573,32,JAWA BARAT,3210,KABUPATEN MAJALENGKA,HOTEL,904383125,RUPIAH,2019
574,32,JAWA BARAT,3210,KABUPATEN MAJALENGKA,RESTORAN/RUMAH MAKAN,607181500,RUPIAH,2019
575,32,JAWA BARAT,3210,KABUPATEN MAJALENGKA,HIBURAN,241037573,RUPIAH,2019
576,32,JAWA BARAT,3210,KABUPATEN MAJALENGKA,RETRIBUSI,108717000,RUPIAH,2019
577,32,JAWA BARAT,3211,KABUPATEN SUMEDANG,HOTEL,3034139471,RUPIAH,2019
578,32,JAWA BARAT,3211,KABUPATEN SUMEDANG,RESTORAN/RUMAH MAKAN,14086420379,RUPIAH,2019
579,32,JAWA BARAT,3211,KABUPATEN SUMEDANG,HIBURAN,3906832126,RUPIAH,2019
580,32,JAWA BARAT,3211,KABUPATEN SUMEDANG,RETRIBUSI,1577696842,RUPIAH,2019
581,32,JAWA BARAT,3212,KABUPATEN INDRAMAYU,HOTEL,0,RUPIAH,2019
582,32,JAWA BARAT,3212,KABUPATEN INDRAMAYU,RESTORAN/RUMAH MAKAN,0,RUPIAH,2019
583,32,JAWA BARAT,3212,KABUPATEN INDRAMAYU,HIBURAN,0,RUPIAH,2019
584,32,JAWA BARAT,3212,KABUPATEN INDRAMAYU,RETRIBUSI,1076000000,RUPIAH,2019
585,32,JAWA BARAT,3213,KABUPATEN SUBANG,HOTEL,1414457696,RUPIAH,2019
586,32,JAWA BARAT,3213,KABUPATEN SUBANG,RESTORAN/RUMAH MAKAN,3128114409,RUPIAH,2019
587,32,JAWA BARAT,3213,KABUPATEN SUBANG,HIBURAN,320833300,RUPIAH,2019
588,32,JAWA BARAT,3213,KABUPATEN SUBANG,RETRIBUSI,0,RUPIAH,2019
589,32,JAWA BARAT,3214,KABUPATEN PURWAKARTA,HOTEL,5039600150,RUPIAH,2019
590,32,JAWA BARAT,3214,KABUPATEN PURWAKARTA,RESTORAN/RUMAH MAKAN,24209698811,RUPIAH,2019
591,32,JAWA BARAT,3214,KABUPATEN PURWAKARTA,HIBURAN,4113061481,RUPIAH,2019
592,32,JAWA BARAT,3214,KABUPATEN PURWAKARTA,RETRIBUSI,0,RUPIAH,2019
593,32,JAWA BARAT,3215,KABUPATEN KARAWANG,HOTEL,19042117034,RUPIAH,2019
594,32,JAWA BARAT,3215,KABUPATEN KARAWANG,RESTORAN/RUMAH MAKAN,112547757170,RUPIAH,2019
595,32,JAWA BARAT,3215,KABUPATEN KARAWANG,HIBURAN,14295583303,RUPIAH,2019
596,32,JAWA BARAT,3215,KABUPATEN KARAWANG,RETRIBUSI,411626368,RUPIAH,2019
597,32,JAWA BARAT,3216,KABUPATEN BEKASI,HOTEL,27981683847,RUPIAH,2019
598,32,JAWA BARAT,3216,KABUPATEN BEKASI,RESTORAN/RUMAH MAKAN,147720544698,RUPIAH,2019
599,32,JAWA BARAT,3216,KABUPATEN BEKASI,HIBURAN,15633811453,RUPIAH,2019
600,32,JAWA BARAT,3216,KABUPATEN BEKASI,RETRIBUSI,132296082206,RUPIAH,2019
601,32,JAWA BARAT,3217,KABUPATEN BANDUNG BARAT,HOTEL,4942681476,RUPIAH,2019
602,32,JAWA BARAT,3217,KABUPATEN BANDUNG BARAT,RESTORAN/RUMAH MAKAN,6016816770,RUPIAH,2019
603,32,JAWA BARAT,3217,KABUPATEN BANDUNG BARAT,HIBURAN,1055161196,RUPIAH,2019
604,32,JAWA BARAT,3217,KABUPATEN BANDUNG BARAT,RETRIBUSI,383466543,RUPIAH,2019
605,32,JAWA BARAT,3218,KABUPATEN PANGANDARAN,HOTEL,10100631409,RUPIAH,2019
606,32,JAWA BARAT,3218,KABUPATEN PANGANDARAN,RESTORAN/RUMAH MAKAN,4472440187,RUPIAH,2019
607,32,JAWA BARAT,3218,KABUPATEN PANGANDARAN,HIBURAN,163474336,RUPIAH,2019
608,32,JAWA BARAT,3218,KABUPATEN PANGANDARAN,RETRIBUSI,13176596000,RUPIAH,2019
609,32,JAWA BARAT,3271,KOTA BOGOR,HOTEL,85599521562,RUPIAH,2019
610,32,JAWA BARAT,3271,KOTA BOGOR,RESTORAN/RUMAH MAKAN,140135130850,RUPIAH,2019
611,32,JAWA BARAT,3271,KOTA BOGOR,HIBURAN,30420140112,RUPIAH,2019
612,32,JAWA BARAT,3271,KOTA BOGOR,RETRIBUSI,0,RUPIAH,2019
613,32,JAWA BARAT,3272,KOTA SUKABUMI,HOTEL,0,RUPIAH,2019
614,32,JAWA BARAT,3272,KOTA SUKABUMI,RESTORAN/RUMAH MAKAN,0,RUPIAH,2019
615,32,JAWA BARAT,3272,KOTA SUKABUMI,HIBURAN,0,RUPIAH,2019
616,32,JAWA BARAT,3272,KOTA SUKABUMI,RETRIBUSI,0,RUPIAH,2019
617,32,JAWA BARAT,3273,KOTA BANDUNG,HOTEL,52364677251,RUPIAH,2019
618,32,JAWA BARAT,3273,KOTA BANDUNG,RESTORAN/RUMAH MAKAN,60452497418,RUPIAH,2019
619,32,JAWA BARAT,3273,KOTA BANDUNG,HIBURAN,14043768095,RUPIAH,2019
620,32,JAWA BARAT,3273,KOTA BANDUNG,RETRIBUSI,7291264044,RUPIAH,2019
621,32,JAWA BARAT,3274,KOTA CIREBON,HOTEL,18517199527,RUPIAH,2019
622,32,JAWA BARAT,3274,KOTA CIREBON,RESTORAN/RUMAH MAKAN,56170911368,RUPIAH,2019
623,32,JAWA BARAT,3274,KOTA CIREBON,HIBURAN,9686044029,RUPIAH,2019
624,32,JAWA BARAT,3274,KOTA CIREBON,RETRIBUSI,0,RUPIAH,2019
625,32,JAWA BARAT,3275,KOTA BEKASI,HOTEL,30912490459,RUPIAH,2019
626,32,JAWA BARAT,3275,KOTA BEKASI,RESTORAN/RUMAH MAKAN,315755487560,RUPIAH,2019
627,32,JAWA BARAT,3275,KOTA BEKASI,HIBURAN,50710694809,RUPIAH,2019
628,32,JAWA BARAT,3275,KOTA BEKASI,RETRIBUSI,1665645015034,RUPIAH,2019
629,32,JAWA BARAT,3276,KOTA DEPOK,HOTEL,0,RUPIAH,2019
630,32,JAWA BARAT,3276,KOTA DEPOK,RESTORAN/RUMAH MAKAN,0,RUPIAH,2019
631,32,JAWA BARAT,3276,KOTA DEPOK,HIBURAN,0,RUPIAH,2019
632,32,JAWA BARAT,3276,KOTA DEPOK,RETRIBUSI,0,RUPIAH,2019
633,32,JAWA BARAT,3277,KOTA CIMAHI,HOTEL,622576531,RUPIAH,2019
634,32,JAWA BARAT,3277,KOTA CIMAHI,RESTORAN/RUMAH MAKAN,15696673830,RUPIAH,2019
635,32,JAWA BARAT,3277,KOTA CIMAHI,HIBURAN,768498870,RUPIAH,2019
636,32,JAWA BARAT,3277,KOTA CIMAHI,RETRIBUSI,0,RUPIAH,2019
637,32,JAWA BARAT,3278,KOTA TASIKMALAYA,HOTEL,4369456875,RUPIAH,2019
638,32,JAWA BARAT,3278,KOTA TASIKMALAYA,RESTORAN/RUMAH MAKAN,21688669030,RUPIAH,2019
639,32,JAWA BARAT,3278,KOTA TASIKMALAYA,HIBURAN,3602364504,RUPIAH,2019
640,32,JAWA BARAT,3278,KOTA TASIKMALAYA,RETRIBUSI,9360323531,RUPIAH,2019
641,32,JAWA BARAT,3279,KOTA BANJAR,HOTEL,252629868,RUPIAH,2019
642,32,JAWA BARAT,3279,KOTA BANJAR,RESTORAN/RUMAH MAKAN,1546268943,RUPIAH,2019
643,32,JAWA BARAT,3279,KOTA BANJAR,HIBURAN,119143750,RUPIAH,2019
644,32,JAWA BARAT,3279,KOTA BANJAR,RETRIBUSI,0,RUPIAH,2019
645,32,JAWA BARAT,3201,KABUPATEN BOGOR,HOTEL,0,RUPIAH,2020
646,32,JAWA BARAT,3201,KABUPATEN BOGOR,RESTORAN/RUMAH MAKAN,0,RUPIAH,2020
647,32,JAWA BARAT,3201,KABUPATEN BOGOR,HIBURAN,0,RUPIAH,2020
648,32,JAWA BARAT,3201,KABUPATEN BOGOR,RETRIBUSI,0,RUPIAH,2020
649,32,JAWA BARAT,3202,KABUPATEN SUKABUMI,HOTEL,2133061086,RUPIAH,2020
650,32,JAWA BARAT,3202,KABUPATEN SUKABUMI,RESTORAN/RUMAH MAKAN,7601708862,RUPIAH,2020
651,32,JAWA BARAT,3202,KABUPATEN SUKABUMI,HIBURAN,214672788,RUPIAH,2020
652,32,JAWA BARAT,3202,KABUPATEN SUKABUMI,RETRIBUSI,353622500,RUPIAH,2020
653,32,JAWA BARAT,3203,KABUPATEN CIANJUR,HOTEL,0,RUPIAH,2020
654,32,JAWA BARAT,3203,KABUPATEN CIANJUR,RESTORAN/RUMAH MAKAN,0,RUPIAH,2020
655,32,JAWA BARAT,3203,KABUPATEN CIANJUR,HIBURAN,0,RUPIAH,2020
656,32,JAWA BARAT,3203,KABUPATEN CIANJUR,RETRIBUSI,2315748800,RUPIAH,2020
657,32,JAWA BARAT,3204,KABUPATEN BANDUNG,HOTEL,6471163124,RUPIAH,2020
658,32,JAWA BARAT,3204,KABUPATEN BANDUNG,RESTORAN/RUMAH MAKAN,23014071913,RUPIAH,2020
659,32,JAWA BARAT,3204,KABUPATEN BANDUNG,HIBURAN,1969743217,RUPIAH,2020
660,32,JAWA BARAT,3204,KABUPATEN BANDUNG,RETRIBUSI,259046500,RUPIAH,2020
661,32,JAWA BARAT,3205,KABUPATEN GARUT,HOTEL,0,RUPIAH,2020
662,32,JAWA BARAT,3205,KABUPATEN GARUT,RESTORAN/RUMAH MAKAN,0,RUPIAH,2020
663,32,JAWA BARAT,3205,KABUPATEN GARUT,HIBURAN,0,RUPIAH,2020
664,32,JAWA BARAT,3205,KABUPATEN GARUT,RETRIBUSI,755078488,RUPIAH,2020
665,32,JAWA BARAT,3206,KABUPATEN TASIKMALAYA,HOTEL,150456292,RUPIAH,2020
666,32,JAWA BARAT,3206,KABUPATEN TASIKMALAYA,RESTORAN/RUMAH MAKAN,4125468882,RUPIAH,2020
667,32,JAWA BARAT,3206,KABUPATEN TASIKMALAYA,HIBURAN,656113650,RUPIAH,2020
668,32,JAWA BARAT,3206,KABUPATEN TASIKMALAYA,RETRIBUSI,979264000,RUPIAH,2020
669,32,JAWA BARAT,3207,KABUPATEN CIAMIS,RETRIBUSI,7700657869,RUPIAH,2020
670,32,JAWA BARAT,3207,KABUPATEN CIAMIS,HOTEL,431370450,RUPIAH,2020
671,32,JAWA BARAT,3207,KABUPATEN CIAMIS,RESTORAN/RUMAH MAKAN,4487186441,RUPIAH,2020
672,32,JAWA BARAT,3207,KABUPATEN CIAMIS,HIBURAN,78445775,RUPIAH,2020
673,32,JAWA BARAT,3208,KABUPATEN KUNINGAN,HOTEL,7477157350,RUPIAH,2020
674,32,JAWA BARAT,3208,KABUPATEN KUNINGAN,RESTORAN/RUMAH MAKAN,16630451399,RUPIAH,2020
675,32,JAWA BARAT,3208,KABUPATEN KUNINGAN,HIBURAN,2163546932,RUPIAH,2020
676,32,JAWA BARAT,3208,KABUPATEN KUNINGAN,RETRIBUSI,0,RUPIAH,2020
677,32,JAWA BARAT,3209,KABUPATEN CIREBON,RETRIBUSI,0,RUPIAH,2020
678,32,JAWA BARAT,3209,KABUPATEN CIREBON,HOTEL,5032739656,RUPIAH,2020
679,32,JAWA BARAT,3209,KABUPATEN CIREBON,RESTORAN/RUMAH MAKAN,14540487641,RUPIAH,2020
680,32,JAWA BARAT,3209,KABUPATEN CIREBON,HIBURAN,759693751,RUPIAH,2020
681,32,JAWA BARAT,3210,KABUPATEN MAJALENGKA,HOTEL,512689210,RUPIAH,2020
682,32,JAWA BARAT,3210,KABUPATEN MAJALENGKA,RESTORAN/RUMAH MAKAN,1388614540,RUPIAH,2020
683,32,JAWA BARAT,3210,KABUPATEN MAJALENGKA,HIBURAN,149951060,RUPIAH,2020
684,32,JAWA BARAT,3210,KABUPATEN MAJALENGKA,RETRIBUSI,64200000,RUPIAH,2020
685,32,JAWA BARAT,3211,KABUPATEN SUMEDANG,HIBURAN,6025500,RUPIAH,2020
686,32,JAWA BARAT,3211,KABUPATEN SUMEDANG,RETRIBUSI,0,RUPIAH,2020
687,32,JAWA BARAT,3211,KABUPATEN SUMEDANG,HOTEL,835686468,RUPIAH,2020
688,32,JAWA BARAT,3211,KABUPATEN SUMEDANG,RESTORAN/RUMAH MAKAN,3913115923,RUPIAH,2020
689,32,JAWA BARAT,3212,KABUPATEN INDRAMAYU,HOTEL,0,RUPIAH,2020
690,32,JAWA BARAT,3212,KABUPATEN INDRAMAYU,RESTORAN/RUMAH MAKAN,0,RUPIAH,2020
691,32,JAWA BARAT,3212,KABUPATEN INDRAMAYU,HIBURAN,0,RUPIAH,2020
692,32,JAWA BARAT,3212,KABUPATEN INDRAMAYU,RETRIBUSI,365728000,RUPIAH,2020
693,32,JAWA BARAT,3213,KABUPATEN SUBANG,HIBURAN,872905287,RUPIAH,2020
694,32,JAWA BARAT,3213,KABUPATEN SUBANG,RETRIBUSI,0,RUPIAH,2020
695,32,JAWA BARAT,3213,KABUPATEN SUBANG,HOTEL,4703388079,RUPIAH,2020
696,32,JAWA BARAT,3213,KABUPATEN SUBANG,RESTORAN/RUMAH MAKAN,12087344256,RUPIAH,2020
697,32,JAWA BARAT,3214,KABUPATEN PURWAKARTA,RETRIBUSI,0,RUPIAH,2020
698,32,JAWA BARAT,3214,KABUPATEN PURWAKARTA,HOTEL,3806750663,RUPIAH,2020
699,32,JAWA BARAT,3214,KABUPATEN PURWAKARTA,RESTORAN/RUMAH MAKAN,26351335358,RUPIAH,2020
700,32,JAWA BARAT,3214,KABUPATEN PURWAKARTA,HIBURAN,1443782638,RUPIAH,2020
701,32,JAWA BARAT,3215,KABUPATEN KARAWANG,RETRIBUSI,160000000,RUPIAH,2020
702,32,JAWA BARAT,3215,KABUPATEN KARAWANG,HOTEL,12167717706,RUPIAH,2020
703,32,JAWA BARAT,3215,KABUPATEN KARAWANG,RESTORAN/RUMAH MAKAN,77802590333,RUPIAH,2020
704,32,JAWA BARAT,3215,KABUPATEN KARAWANG,HIBURAN,5651562345,RUPIAH,2020
705,32,JAWA BARAT,3216,KABUPATEN BEKASI,RETRIBUSI,137997913249,RUPIAH,2020
706,32,JAWA BARAT,3216,KABUPATEN BEKASI,HOTEL,16371354670,RUPIAH,2020
707,32,JAWA BARAT,3216,KABUPATEN BEKASI,RESTORAN/RUMAH MAKAN,121717253759,RUPIAH,2020
708,32,JAWA BARAT,3216,KABUPATEN BEKASI,HIBURAN,5328006111,RUPIAH,2020
709,32,JAWA BARAT,3217,KABUPATEN BANDUNG BARAT,RETRIBUSI,376540916,RUPIAH,2020
710,32,JAWA BARAT,3217,KABUPATEN BANDUNG BARAT,HOTEL,9892119987,RUPIAH,2020
711,32,JAWA BARAT,3217,KABUPATEN BANDUNG BARAT,RESTORAN/RUMAH MAKAN,17141314432,RUPIAH,2020
712,32,JAWA BARAT,3217,KABUPATEN BANDUNG BARAT,HIBURAN,1368410667,RUPIAH,2020
713,32,JAWA BARAT,3218,KABUPATEN PANGANDARAN,RETRIBUSI,13786568250,RUPIAH,2020
714,32,JAWA BARAT,3218,KABUPATEN PANGANDARAN,HOTEL,8813548721,RUPIAH,2020
715,32,JAWA BARAT,3218,KABUPATEN PANGANDARAN,RESTORAN/RUMAH MAKAN,3651080999,RUPIAH,2020
716,32,JAWA BARAT,3218,KABUPATEN PANGANDARAN,HIBURAN,123484098,RUPIAH,2020
717,32,JAWA BARAT,3271,KOTA BOGOR,HOTEL,42643715541,RUPIAH,2020
718,32,JAWA BARAT,3271,KOTA BOGOR,RESTORAN/RUMAH MAKAN,87374730717,RUPIAH,2020
719,32,JAWA BARAT,3271,KOTA BOGOR,HIBURAN,10274505964,RUPIAH,2020
720,32,JAWA BARAT,3271,KOTA BOGOR,RETRIBUSI,0,RUPIAH,2020
721,32,JAWA BARAT,3271,KOTA CIMAHI,HIBURAN,220047083,RUPIAH,2020
722,32,JAWA BARAT,3272,KOTA SUKABUMI,HOTEL,0,RUPIAH,2020
723,32,JAWA BARAT,3272,KOTA SUKABUMI,RESTORAN/RUMAH MAKAN,0,RUPIAH,2020
724,32,JAWA BARAT,3272,KOTA SUKABUMI,HIBURAN,121876071,RUPIAH,2020
725,32,JAWA BARAT,3272,KOTA SUKABUMI,RETRIBUSI,0,RUPIAH,2020
726,32,JAWA BARAT,3273,KOTA BANDUNG,HOTEL,38237123212,RUPIAH,2020
727,32,JAWA BARAT,3273,KOTA BANDUNG,RESTORAN/RUMAH MAKAN,47046035380,RUPIAH,2020
728,32,JAWA BARAT,3273,KOTA BANDUNG,HIBURAN,2667875531,RUPIAH,2020
729,32,JAWA BARAT,3273,KOTA BANDUNG,RETRIBUSI,4742257575,RUPIAH,2020
730,32,JAWA BARAT,3274,KOTA CIREBON,HOTEL,7695850752,RUPIAH,2020
731,32,JAWA BARAT,3274,KOTA CIREBON,RESTORAN/RUMAH MAKAN,26143122688,RUPIAH,2020
732,32,JAWA BARAT,3274,KOTA CIREBON,HIBURAN,3420264448,RUPIAH,2020
733,32,JAWA BARAT,3274,KOTA CIREBON,RETRIBUSI,0,RUPIAH,2020
734,32,JAWA BARAT,3275,KOTA BEKASI,HIBURAN,24210466248,RUPIAH,2020
735,32,JAWA BARAT,3275,KOTA BEKASI,RETRIBUSI,74702061730,RUPIAH,2020
736,32,JAWA BARAT,3275,KOTA BEKASI,HOTEL,23984494950,RUPIAH,2020
737,32,JAWA BARAT,3275,KOTA BEKASI,RESTORAN/RUMAH MAKAN,226015534212,RUPIAH,2020
738,32,JAWA BARAT,3276,KOTA DEPOK,HIBURAN,8600000000,RUPIAH,2020
739,32,JAWA BARAT,3276,KOTA DEPOK,RETRIBUSI,5200000000,RUPIAH,2020
740,32,JAWA BARAT,3276,KOTA DEPOK,HOTEL,5200000000,RUPIAH,2020
741,32,JAWA BARAT,3276,KOTA DEPOK,RESTORAN/RUMAH MAKAN,73900000000,RUPIAH,2020
742,32,JAWA BARAT,3277,KOTA CIMAHI,RETRIBUSI,0,RUPIAH,2020
743,32,JAWA BARAT,3277,KOTA CIMAHI,HOTEL,422665698,RUPIAH,2020
744,32,JAWA BARAT,3277,KOTA CIMAHI,RESTORAN/RUMAH MAKAN,13838928732,RUPIAH,2020
745,32,JAWA BARAT,3278,KOTA TASIKMALAYA,HOTEL,4369456875,RUPIAH,2020
746,32,JAWA BARAT,3278,KOTA TASIKMALAYA,RESTORAN/RUMAH MAKAN,21688669030,RUPIAH,2020
747,32,JAWA BARAT,3278,KOTA TASIKMALAYA,HIBURAN,3602364504,RUPIAH,2020
748,32,JAWA BARAT,3278,KOTA TASIKMALAYA,RETRIBUSI,9360323531,RUPIAH,2020
749,32,JAWA BARAT,3279,KOTA BANJAR,HIBURAN,47674375,RUPIAH,2020
750,32,JAWA BARAT,3279,KOTA BANJAR,RETRIBUSI,0,RUPIAH,2020
751,32,JAWA BARAT,3279,KOTA BANJAR,HOTEL,139522734,RUPIAH,2020
752,32,JAWA BARAT,3279,KOTA BANJAR,RESTORAN/RUMAH MAKAN,1742553629,RUPIAH,2020
